id,first_name,last_name,email,gender
1,Feodor,Mucklow,fmucklow0@weibo.com,Male
2,Nickolai,Dericot,ndericot1@slideshare.net,Male
3,Cosetta,Goretti,cgoretti2@booking.com,Female
4,Winny,Samart,wsamart3@arstechnica.com,Female
5,Adora,Yokley,ayokley4@free.fr,Female
6,Scarlett,Shorter,sshorter5@deviantart.com,Female
7,Jacinta,Pebworth,jpebworth6@latimes.com,Female
8,Natassia,Pentelo,npentelo7@google.com.hk,Female
9,Hermon,Mogg,hmogg8@ted.com,Male
10,Marcel,Walsh,mwalsh9@etsy.com,Male
11,Andi,Peaseman,apeasemana@prweb.com,Female
12,Yorgo,Pellman,ypellmanb@cbc.ca,Male
13,Franciskus,Pepis,fpepisc@amazon.co.jp,Male
14,Rickard,McTerrelly,rmcterrellyd@mozilla.com,Male
15,Pavel,McRobbie,pmcrobbiee@tiny.cc,Male
16,Alta,Laughnan,alaughnanf@vinaora.com,Female
17,Elane,Lantaff,elantaffg@biblegateway.com,Female
18,Ashlan,Ladyman,aladymanh@samsung.com,Female
19,Louisette,Claxson,lclaxsoni@harvard.edu,Female
20,Faulkner,Ferrierio,fferrierioj@weibo.com,Male
21,Andeee,Romaines,aromainesk@timesonline.co.uk,Female
22,Timotheus,Campling,tcamplingl@discuz.net,Male
23,Ruthann,Karpushkin,rkarpushkinm@shinystat.com,Female
24,Pepe,Brazil,pbraziln@loc.gov,Male
25,Samson,Jozwicki,sjozwickio@aboutads.info,Male
26,Peggie,Norrey,pnorreyp@va.gov,Female
27,Ulrikaumeko,Yakushkev,uyakushkevq@trellian.com,Female
28,Leelah,McClements,lmcclementsr@sakura.ne.jp,Female
29,Whitby,Pargeter,wpargeters@china.com.cn,Male
30,Tuckie,Idell,tidellt@goodreads.com,Male
31,Sloan,Baldick,sbaldicku@statcounter.com,Male
32,Garrot,Hedworth,ghedworthv@patch.com,Male
33,Maddy,Mountain,mmountainw@auda.org.au,Female
34,Bel,Mayne,bmaynex@usgs.gov,Female
35,Ebenezer,Dobinson,edobinsony@nyu.edu,Male
36,Ceciley,Slyne,cslynez@jugem.jp,Female
37,Graham,Hoolaghan,ghoolaghan10@weibo.com,Male
38,Peg,Brignall,pbrignall11@arstechnica.com,Female
39,Tedd,Lunge,tlunge12@jalbum.net,Male
40,Ricard,Taylder,rtaylder13@xing.com,Male
41,Forrester,Quelch,fquelch14@gmpg.org,Male
42,Remus,Skegg,rskegg15@google.nl,Male
43,Rafaelia,Flinn,rflinn16@eepurl.com,Female
44,Tim,Alexsandrev,talexsandrev17@nba.com,Male
45,Augusta,Luckhurst,aluckhurst18@accuweather.com,Female
46,Astra,Clace,aclace19@examiner.com,Female
47,Merry,Sowter,msowter1a@state.tx.us,Female
48,Brendon,McDuall,bmcduall1b@prlog.org,Male
49,Ulises,Renackowna,urenackowna1c@squarespace.com,Male
50,Lilly,Wrout,lwrout1d@ftc.gov,Female
51,Dolli,Crabtree,dcrabtree1e@skype.com,Female
52,Kendall,Fullbrook,kfullbrook1f@shinystat.com,Male
53,Gannon,Hagley,ghagley1g@apache.org,Male
54,Skipper,Fleeming,sfleeming1h@nyu.edu,Male
55,Leonie,Mil,lmil1i@multiply.com,Female
56,Skelly,Twamley,stwamley1j@reddit.com,Male
57,Morena,Grayshon,mgrayshon1k@msn.com,Female
58,Evin,Algy,ealgy1l@twitter.com,Male
59,Suzie,Szymanowicz,sszymanowicz1m@time.com,Female
60,Alexis,Sibbit,asibbit1n@ow.ly,Female
61,Audra,Cowthard,acowthard1o@msu.edu,Female
62,Shermy,Drage,sdrage1p@google.ru,Male
63,Rosina,Mowson,rmowson1q@linkedin.com,Female
64,Krysta,St. Paul,kstpaul1r@netscape.com,Female
65,Jorry,Van der Linde,jvanderlinde1s@msu.edu,Female
66,Carmelle,Lashford,clashford1t@unblog.fr,Female
67,Taffy,Lethibridge,tlethibridge1u@scientificamerican.com,Female
68,Erik,Biddleston,ebiddleston1v@tripod.com,Male
69,Katya,Maeer,kmaeer1w@tripod.com,Female
70,Valery,Cromett,vcromett1x@sbwire.com,Female
71,Leonore,Zieme,lzieme1y@ameblo.jp,Female
72,Harp,Hinstock,hhinstock1z@shinystat.com,Male
73,Meredeth,Turgoose,mturgoose20@cisco.com,Male
74,Vin,Sproson,vsproson21@cloudflare.com,Female
75,Bamby,MacCarter,bmaccarter22@loc.gov,Female
76,Sayre,Dickie,sdickie23@ucoz.com,Female
77,Tiertza,MacLennan,tmaclennan24@tinypic.com,Female
78,Robbie,Matys,rmatys25@bravesites.com,Female
79,Isabelita,Smitheram,ismitheram26@addtoany.com,Female
80,Corrine,Lacky,clacky27@comcast.net,Female
81,Trixi,Emanuelli,temanuelli28@toplist.cz,Female
82,Piotr,Skipsey,pskipsey29@tinyurl.com,Male
83,Lancelot,Polak,lpolak2a@tamu.edu,Male
84,Wilden,Lacroutz,wlacroutz2b@ning.com,Male
85,Bibbie,Klemke,bklemke2c@ihg.com,Female
86,Kelvin,Feakins,kfeakins2d@google.cn,Male
87,Don,Cinavas,dcinavas2e@tuttocitta.it,Male
88,Giuseppe,Wodeland,gwodeland2f@t-online.de,Male
89,Jaymie,Antley,jantley2g@prweb.com,Male
90,Sherwood,Conibear,sconibear2h@pagesperso-orange.fr,Male
91,Caz,Nias,cnias2i@themeforest.net,Male
92,Jareb,Radnedge,jradnedge2j@netvibes.com,Male
93,Golda,Hembling,ghembling2k@jugem.jp,Female
94,Felix,Donaho,fdonaho2l@tinyurl.com,Male
95,Kara-lynn,McTrustram,kmctrustram2m@indiegogo.com,Female
96,Brade,Gadaud,bgadaud2n@auda.org.au,Male
97,Matthiew,Farans,mfarans2o@flavors.me,Male
98,Dedra,Ashby,dashby2p@studiopress.com,Female
99,Kikelia,Durrant,kdurrant2q@newsvine.com,Female
100,Tootsie,Maric,tmaric2r@apple.com,Female
